<?xml version="1.0"?>
<!--<!DOCTYPE metadata SYSTEM "http://www.esri.com/metadata/esriprof80.dtd">-->
<metadata xml:lang="en"><Esri><CreaDate>20030107</CreaDate><CreaTime>13432400</CreaTime><SyncOnce>TRUE</SyncOnce><MetaID>{72511A2D-1CB3-4959-9017-68B14FC75718}</MetaID></Esri><idinfo><citation><citeinfo><onlink Sync="TRUE">\\HARRY\G$\LAB_1\roads_nad83</onlink></citeinfo></citation></idinfo><distInfo><distributor><distorTran><onLineSrc><linkage Sync="TRUE">file://\\HARRY\G$\LAB_1\roads_nad83</linkage><protocol Sync="TRUE">Local Area Network</protocol></onLineSrc></distorTran></distributor></distInfo><dataqual><lineage><procstep><procdesc Sync="TRUE">Dataset copied.</procdesc><srcused Sync="TRUE">C:\Cloquet\roads_nad83</srcused><date Sync="TRUE">20030107</date><time Sync="TRUE">13432400</time></procstep></lineage></dataqual></metadata>
