<?xml version="1.0"?>
<!--<!DOCTYPE metadata SYSTEM "http://www.esri.com/metadata/esriprof80.dtd">-->
<metadata xml:lang="en"><Esri><CreaDate>20030107</CreaDate><CreaTime>13430100</CreaTime><SyncOnce>TRUE</SyncOnce><MetaID>{6260B904-FF31-4152-AD00-F6C8FBA9D469}</MetaID></Esri><idinfo><citation><citeinfo><onlink Sync="TRUE">\\HARRY\G$\LAB_1\streams</onlink></citeinfo></citation></idinfo><distInfo><distributor><distorTran><onLineSrc><linkage Sync="TRUE">file://\\HARRY\G$\LAB_1\streams</linkage><protocol Sync="TRUE">Local Area Network</protocol></onLineSrc></distorTran></distributor></distInfo><dataqual><lineage><procstep><procdesc Sync="TRUE">Dataset copied.</procdesc><srcused Sync="TRUE">C:\Cloquet\UTM83\streams</srcused><date Sync="TRUE">20030107</date><time Sync="TRUE">13430100</time></procstep></lineage></dataqual></metadata>
